code,term,dmd_id,dmd_type,bnf_code
42081011000001107,Carbimazole 5mg tablets,42081011000001107,VMP,0602020D0AAAAAA
14725511000001100,Carbimazole 5mg tablets,14725511000001100,AMP,0602020D0AAAAAA
24647411000001100,Carbimazole 5mg tablets,24647411000001100,AMP,0602020D0AAAAAA
19704711000001103,Carbimazole 5mg tablets,19704711000001103,AMP,0602020D0AAAAAA
15926911000001101,Carbimazole 5mg tablets,15926911000001101,AMP,0602020D0AAAAAA
14931511000001105,Carbimazole 5mg tablets,14931511000001105,AMP,0602020D0AAAAAA
19710011000001105,Carbimazole 5mg tablets,19710011000001105,AMP,0602020D0AAAAAA
41801911000001107,Carbimazole 5mg tablets,41801911000001107,AMP,0602020D0AAAAAA
36916211000001101,Carbimazole 5mg tablets,36916211000001101,AMP,0602020D0AAAAAA
41417511000001101,Carbimazole 5mg tablets,41417511000001101,AMP,0602020D0AAAAAA
35241111000001108,Carbimazole 5mg tablets,35241111000001108,AMP,0602020D0AAAAAA
42714111000001107,Carbimazole 5mg tablets,42714111000001107,AMP,0602020D0AAAAAA
38820511000001106,Carbimazole 5mg tablets,38820511000001106,AMP,0602020D0AAAAAA
41925111000001108,Carbimazole 5mg tablets,41925111000001108,AMP,0602020D0AAAAAA
38319111000001100,Carbimazole 5mg tablets,38319111000001100,AMP,0602020D0AAAAAA
39411911000001106,Carbimazole 5mg tablets,39411911000001106,AMP,0602020D0AAAAAA
37800811000001109,Carbimazole 5mg tablets,37800811000001109,AMP,0602020D0AAAAAA
29779511000001104,Carbimazole 5mg tablets,29779511000001104,AMP,0602020D0AAAAAA
35653911000001107,Carbimazole 5mg tablets,35653911000001107,AMP,0602020D0AAAAAA
36968711000001108,Carbimazole 5mg tablets,36968711000001108,AMP,0602020D0AAAAAA
42075011000001100,Carbimazole 5mg tablets,42075011000001100,AMP,0602020D0AAAAAA
42080911000001104,Carbimazole 20mg tablets,42080911000001104,VMP,0602020D0AAABAB
14726311000001101,Carbimazole 20mg tablets,14726311000001101,AMP,0602020D0AAABAB
24647211000001104,Carbimazole 20mg tablets,24647211000001104,AMP,0602020D0AAABAB
19705011000001101,Carbimazole 20mg tablets,19705011000001101,AMP,0602020D0AAABAB
15927111000001101,Carbimazole 20mg tablets,15927111000001101,AMP,0602020D0AAABAB
14931711000001100,Carbimazole 20mg tablets,14931711000001100,AMP,0602020D0AAABAB
19709811000001105,Carbimazole 20mg tablets,19709811000001105,AMP,0602020D0AAABAB
37893611000001104,Carbimazole 20mg tablets,37893611000001104,AMP,0602020D0AAABAB
36916711000001108,Carbimazole 20mg tablets,36916711000001108,AMP,0602020D0AAABAB
39302211000001103,Carbimazole 20mg tablets,39302211000001103,AMP,0602020D0AAABAB
41417311000001107,Carbimazole 20mg tablets,41417311000001107,AMP,0602020D0AAABAB
35240911000001104,Carbimazole 20mg tablets,35240911000001104,AMP,0602020D0AAABAB
42714311000001109,Carbimazole 20mg tablets,42714311000001109,AMP,0602020D0AAABAB
38820311000001100,Carbimazole 20mg tablets,38820311000001100,AMP,0602020D0AAABAB
41924511000001100,Carbimazole 20mg tablets,41924511000001100,AMP,0602020D0AAABAB
38322011000001101,Carbimazole 20mg tablets,38322011000001101,AMP,0602020D0AAABAB
39412111000001103,Carbimazole 20mg tablets,39412111000001103,AMP,0602020D0AAABAB
37801011000001107,Carbimazole 20mg tablets,37801011000001107,AMP,0602020D0AAABAB
29779211000001102,Carbimazole 20mg tablets,29779211000001102,AMP,0602020D0AAABAB
35653711000001105,Carbimazole 20mg tablets,35653711000001105,AMP,0602020D0AAABAB
36969011000001101,Carbimazole 20mg tablets,36969011000001101,AMP,0602020D0AAABAB
42074311000001101,Carbimazole 20mg tablets,42074311000001101,AMP,0602020D0AAABAB
8355511000001102,Carbimazole 20mg/5ml oral solution,8355511000001102,VMP,0602020D0AAAFAF
8355711000001107,Carbimazole 20mg/5ml oral suspension,8355711000001107,VMP,0602020D0AAAFAF
8330811000001106,Carbimazole 20mg/5ml oral solution,8330811000001106,AMP,0602020D0AAAFAF
8332011000001101,Carbimazole 20mg/5ml oral suspension,8332011000001101,AMP,0602020D0AAAFAF
8355111000001106,Carbimazole 10mg/5ml oral solution,8355111000001106,VMP,0602020D0AAAGAG
8328411000001105,Carbimazole 10mg/5ml oral solution,8328411000001105,AMP,0602020D0AAAGAG
12388411000001107,Carbimazole 1.5mg/5ml oral solution,12388411000001107,VMP,0602020D0AAAIAI
12388511000001106,Carbimazole 1.5mg/5ml oral suspension,12388511000001106,VMP,0602020D0AAAIAI
12336611000001101,Carbimazole 1.5mg/5ml oral solution,12336611000001101,AMP,0602020D0AAAIAI
12329511000001107,Carbimazole 1.5mg/5ml oral suspension,12329511000001107,AMP,0602020D0AAAIAI
8356511000001109,Carbimazole 5mg/5ml oral solution,8356511000001109,VMP,0602020D0AAAKAK
8356611000001108,Carbimazole 5mg/5ml oral suspension,8356611000001108,VMP,0602020D0AAAKAK
8330611000001107,Carbimazole 5mg/5ml oral solution,8330611000001107,AMP,0602020D0AAAKAK
8332911000001102,Carbimazole 5mg/5ml oral suspension,8332911000001102,AMP,0602020D0AAAKAK
8356211000001106,Carbimazole 4mg/5ml oral solution,8356211000001106,VMP,0602020D0AAAPAP
8356311000001103,Carbimazole 4mg/5ml oral suspension,8356311000001103,VMP,0602020D0AAAPAP
8331611000001102,Carbimazole 4mg/5ml oral solution,8331611000001102,AMP,0602020D0AAAPAP
8332511000001109,Carbimazole 4mg/5ml oral suspension,8332511000001109,AMP,0602020D0AAAPAP
12388611000001105,Carbimazole 60mg/5ml oral solution,12388611000001105,VMP,0602020D0AAAQAQ
12388711000001101,Carbimazole 60mg/5ml oral suspension,12388711000001101,VMP,0602020D0AAAQAQ
12337511000001103,Carbimazole 60mg/5ml oral solution,12337511000001103,AMP,0602020D0AAAQAQ
12337111000001107,Carbimazole 60mg/5ml oral suspension,12337111000001107,AMP,0602020D0AAAQAQ
8802011000001106,Carbimazole 2.5mg capsules,8802011000001106,VMP,0602020D0AAARAR
8745911000001107,Carbimazole 2.5mg capsules,8745911000001107,AMP,0602020D0AAARAR
8355311000001108,Carbimazole 2.5mg/5ml oral solution,8355311000001108,VMP,0602020D0AAATAT
8355411000001101,Carbimazole 2.5mg/5ml oral suspension,8355411000001101,VMP,0602020D0AAATAT
8327211000001107,Carbimazole 2.5mg/5ml oral solution,8327211000001107,AMP,0602020D0AAATAT
8327511000001105,Carbimazole 2.5mg/5ml oral suspension,8327511000001105,AMP,0602020D0AAATAT
8355911000001109,Carbimazole 2mg/5ml oral solution,8355911000001109,VMP,0602020D0AAAUAU
8356111000001100,Carbimazole 2mg/5ml oral suspension,8356111000001100,VMP,0602020D0AAAUAU
8329011000001106,Carbimazole 2mg/5ml oral solution,8329011000001106,AMP,0602020D0AAAUAU
8330011000001100,Carbimazole 2mg/5ml oral suspension,8330011000001100,AMP,0602020D0AAAUAU
15856911000001108,Carbimazole 1.25mg/5ml oral solution,15856911000001108,VMP,0602020D0AAAVAV
15857011000001107,Carbimazole 1.25mg/5ml oral suspension,15857011000001107,VMP,0602020D0AAAVAV
15853411000001105,Carbimazole 1.25mg/5ml oral solution,15853411000001105,AMP,0602020D0AAAVAV
15853711000001104,Carbimazole 1.25mg/5ml oral suspension,15853711000001104,AMP,0602020D0AAAVAV
8355211000001100,Carbimazole 10mg/5ml oral suspension,8355211000001100,VMP,0602020D0AAAWAW
8329111000001107,Carbimazole 10mg/5ml oral suspension,8329111000001107,AMP,0602020D0AAAWAW
30806511000001101,Carbimazole 30mg/5ml oral suspension,30806511000001101,VMP,0602020D0AAAXAX
30803711000001104,Carbimazole 30mg/5ml oral suspension,30803711000001104,AMP,0602020D0AAAXAX
35298211000001100,Carbimazole 10mg tablets,35298211000001100,VMP,0602020D0AAAYAY
35578511000001101,Carbimazole 10mg tablets,35578511000001101,AMP,0602020D0AAAYAY
37088711000001102,Carbimazole 10mg tablets,37088711000001102,AMP,0602020D0AAAYAY
35353611000001109,Carbimazole 10mg tablets,35353611000001109,AMP,0602020D0AAAYAY
37111511000001105,Carbimazole 10mg tablets,37111511000001105,AMP,0602020D0AAAYAY
44158011000001109,Carbimazole 10mg tablets,44158011000001109,AMP,0602020D0AAAYAY
35240611000001105,Carbimazole 10mg tablets,35240611000001105,AMP,0602020D0AAAYAY
38820111000001102,Carbimazole 10mg tablets,38820111000001102,AMP,0602020D0AAAYAY
38319511000001109,Carbimazole 10mg tablets,38319511000001109,AMP,0602020D0AAAYAY
37573811000001107,Carbimazole 10mg tablets,37573811000001107,AMP,0602020D0AAAYAY
35298311000001108,Carbimazole 15mg tablets,35298311000001108,VMP,0602020D0AAAZAZ
35578711000001106,Carbimazole 15mg tablets,35578711000001106,AMP,0602020D0AAAZAZ
37088511000001107,Carbimazole 15mg tablets,37088511000001107,AMP,0602020D0AAAZAZ
35353811000001108,Carbimazole 15mg tablets,35353811000001108,AMP,0602020D0AAAZAZ
37111711000001100,Carbimazole 15mg tablets,37111711000001100,AMP,0602020D0AAAZAZ
44158211000001104,Carbimazole 15mg tablets,44158211000001104,AMP,0602020D0AAAZAZ
35240311000001100,Carbimazole 15mg tablets,35240311000001100,AMP,0602020D0AAAZAZ
43138811000001104,Carbimazole 15mg tablets,43138811000001104,AMP,0602020D0AAAZAZ
45610311000001108,Carbimazole 2.5mg/ml oral solution sugar free,45610311000001108,VMP,0602020D0AABABA
45508211000001107,Carbimazole 2.5mg/ml oral solution sugar free,45508211000001107,AMP,0602020D0AABABA
496811000001103,NeoMercazole 5 tablets,496811000001103,AMP,0602020D0BBAAAA
102711000001109,NeoMercazole 20 tablets,102711000001109,AMP,0602020D0BBABAB
42087911000001103,Propylthiouracil 50mg tablets,42087911000001103,VMP,0602020N0AAABAB
28911000001106,Propylthiouracil 50mg tablets,28911000001106,AMP,0602020N0AAABAB
828911000001105,Propylthiouracil 50mg tablets,828911000001105,AMP,0602020N0AAABAB
30081511000001107,Propylthiouracil 50mg tablets,30081511000001107,AMP,0602020N0AAABAB
40232211000001101,Propylthiouracil 50mg tablets,40232211000001101,AMP,0602020N0AAABAB
375311000001104,Propylthiouracil 50mg tablets,375311000001104,AMP,0602020N0AAABAB
165811000001107,Propylthiouracil 50mg tablets,165811000001107,AMP,0602020N0AAABAB
35241711000001109,Propylthiouracil 50mg tablets,35241711000001109,AMP,0602020N0AAABAB
39198811000001109,Propylthiouracil 50mg tablets,39198811000001109,AMP,0602020N0AAABAB
40939811000001109,Propylthiouracil 50mg tablets,40939811000001109,AMP,0602020N0AAABAB
64611000001100,Propylthiouracil 50mg tablets,64611000001100,AMP,0602020N0AAABAB
35607911000001108,Propylthiouracil 50mg tablets,35607911000001108,AMP,0602020N0AAABAB
21871211000001109,Propylthiouracil 50mg tablets,21871211000001109,AMP,0602020N0AAABAB
234711000001105,Propylthiouracil 50mg tablets,234711000001105,AMP,0602020N0AAABAB
13200211000001105,Propylthiouracil 100mg/5ml oral solution,13200211000001105,VMP,0602020N0AAAGAG
13200311000001102,Propylthiouracil 100mg/5ml oral suspension,13200311000001102,VMP,0602020N0AAAGAG
13193611000001103,Propylthiouracil 100mg/5ml oral solution,13193611000001103,AMP,0602020N0AAAGAG
13192111000001100,Propylthiouracil 100mg/5ml oral suspension,13192111000001100,AMP,0602020N0AAAGAG
13200511000001108,Propylthiouracil 20mg/5ml oral solution,13200511000001108,VMP,0602020N0AAAHAH
13200611000001107,Propylthiouracil 20mg/5ml oral suspension,13200611000001107,VMP,0602020N0AAAHAH
13194211000001102,Propylthiouracil 20mg/5ml oral solution,13194211000001102,AMP,0602020N0AAAHAH
13192711000001104,Propylthiouracil 20mg/5ml oral suspension,13192711000001104,AMP,0602020N0AAAHAH
13200911000001101,Propylthiouracil 50mg/5ml oral solution,13200911000001101,VMP,0602020N0AAAIAI
13201011000001109,Propylthiouracil 50mg/5ml oral suspension,13201011000001109,VMP,0602020N0AAAIAI
13194811000001101,Propylthiouracil 50mg/5ml oral solution,13194811000001101,AMP,0602020N0AAAIAI
13193311000001108,Propylthiouracil 50mg/5ml oral suspension,13193311000001108,AMP,0602020N0AAAIAI
13200711000001103,Propylthiouracil 25mg/5ml oral solution,13200711000001103,VMP,0602020N0AAAJAJ
13200811000001106,Propylthiouracil 25mg/5ml oral suspension,13200811000001106,VMP,0602020N0AAAJAJ
13194511000001104,Propylthiouracil 25mg/5ml oral solution,13194511000001104,AMP,0602020N0AAAJAJ
13193011000001105,Propylthiouracil 25mg/5ml oral suspension,13193011000001105,AMP,0602020N0AAAJAJ
8673111000001104,Propylthiouracil 150mg/5ml oral suspension,8673111000001104,VMP,0602020N0AAAKAK
8656411000001102,Propylthiouracil 150mg/5ml oral suspension,8656411000001102,AMP,0602020N0AAAKAK
13202211000001106,Propylthiouracil 200mg/5ml oral solution,13202211000001106,VMP,0602020N0AAALAL
13200411000001109,Propylthiouracil 200mg/5ml oral suspension,13200411000001109,VMP,0602020N0AAALAL
13193911000001109,Propylthiouracil 200mg/5ml oral solution,13193911000001109,AMP,0602020N0AAALAL
13192411000001105,Propylthiouracil 200mg/5ml oral suspension,13192411000001105,AMP,0602020N0AAALAL
34607411000001107,Propylthiouracil 100mg suppositories,34607411000001107,VMP,0602020N0AAAMAM
34605111000001106,Propylthiouracil 100mg suppositories,34605111000001106,AMP,0602020N0AAAMAM
40087711000001105,Propylthiouracil 25mg tablets,40087711000001105,VMP,0602020N0AAANAN
40192811000001105,Propylthiouracil 25mg tablets,40192811000001105,AMP,0602020N0AAANAN
40253711000001101,Propylthiouracil 25mg tablets,40253711000001101,AMP,0602020N0AAANAN
40033511000001104,Propylthiouracil 25mg tablets,40033511000001104,AMP,0602020N0AAANAN
40087611000001101,Propylthiouracil 100mg tablets,40087611000001101,VMP,0602020N0AAAPAP
40192611000001106,Propylthiouracil 100mg tablets,40192611000001106,AMP,0602020N0AAAPAP
40254111000001100,Propylthiouracil 100mg tablets,40254111000001100,AMP,0602020N0AAAPAP
40034011000001109,Propylthiouracil 100mg tablets,40034011000001109,AMP,0602020N0AAAPAP
40940011000001105,Propylthiouracil 100mg tablets,40940011000001105,AMP,0602020N0AAAPAP
325328008,VMP previous to 42080911000001104,325328008,VMP,0602020D0AAABAB
325329000,VMP previous to 42081011000001107,325329000,VMP,0602020D0AAAAAA
325332002,VMP previous to 42087911000001103,325332002,VMP,0602020N0AAABAB
